[
  {
    "timestamp": "",
    "p1": "Nick R",
    "c1": "Piranha Plant",
    "new1": 1030,
    "diff1": 30,
    "p2": "Nick W",
    "c2": "Palutena",
    "new2": 1000,
    "diff2": 0,
    "winner": "p1",
    "three_stock": false
  },
  {
    "timestamp": "",
    "p1": "Nick R",
    "c1": "Piranha Plant",
    "new1": 1058,
    "diff1": 28,
    "p2": "Nick W",
    "c2": "Wii Fit Trainer",
    "new2": 1000,
    "diff2": 0,
    "winner": "p1",
    "three_stock": false
  },
  {
    "timestamp": "",
    "p1": "Will",
    "c1": "Ganondorf",
    "new1": 1033,
    "diff1": 33,
    "p2": "Nick R",
    "c2": "Piranha Plant",
    "new2": 1039,
    "diff2": -19,
    "winner": "p1",
    "three_stock": false
  },
  {
    "timestamp": "",
    "p1": "Will",
    "c1": "Robin",
    "new1": 1032,
    "diff1": 32,
    "p2": "Nick R",
    "c2": "Piranha Plant",
    "new2": 1020,
    "diff2": -19,
    "winner": "p1",
    "three_stock": false
  },
  {
    "timestamp": "",
    "p1": "Will",
    "c1": "Robin",
    "new1": 1061,
    "diff1": 29,
    "p2": "Nick R",
    "c2": "Piranha Plant",
    "new2": 1002,
    "diff2": -18,
    "winner": "p1",
    "three_stock": false
  },
  {
    "timestamp": "2025-11-20 06:28",
    "p1": "Will",
    "c1": "King K. Rool",
    "new1": 1029,
    "diff1": 29,
    "p2": "Nick R",
    "c2": "Piranha Plant",
    "new2": 1000,
    "diff2": -2,
    "winner": "p1",
    "three_stock": false
  },
  {
    "timestamp": "2025-11-20 06:33",
    "p1": "Will",
    "c1": "Greninja",
    "new1": 1000,
    "diff1": 0,
    "p2": "Nick R",
    "c2": "Piranha Plant",
    "new2": 1032,
    "diff2": 32,
    "winner": "p2",
    "three_stock": false
  },
  {
    "timestamp": "2025-11-20 06:38",
    "p1": "Will",
    "c1": "Sheik",
    "new1": 1029,
    "diff1": 29,
    "p2": "Nick R",
    "c2": "Donkey Kong",
    "new2": 1000,
    "diff2": 0,
    "winner": "p1",
    "three_stock": false
  },
  {
    "timestamp": "2025-11-20 06:43",
    "p1": "Will",
    "c1": "Meta Knight",
    "new1": 1028,
    "diff1": 28,
    "p2": "Nick R",
    "c2": "Young Link",
    "new2": 1000,
    "diff2": 0,
    "winner": "p1",
    "three_stock": false
  },
  {
    "timestamp": "2025-11-20 06:45",
    "p1": "Nick R",
    "c1": "Pyra/Mythra",
    "new1": 1030,
    "diff1": 30,
    "p2": "Nick W",
    "c2": "Wii Fit Trainer",
    "new2": 1000,
    "diff2": 0,
    "winner": "p1",
    "three_stock": false
  },
  {
    "timestamp": "2025-11-20 06:45",
    "p1": "Nick R",
    "c1": "Pyra/Mythra",
    "new1": 1058,
    "diff1": 28,
    "p2": "Nick W",
    "c2": "Wii Fit Trainer",
    "new2": 1000,
    "diff2": 0,
    "winner": "p1",
    "three_stock": false
  },
  {
    "timestamp": "2025-11-20 06:45",
    "p1": "Nick R",
    "c1": "Ridley",
    "new1": 1000,
    "diff1": 0,
    "p2": "Nick W",
    "c2": "Fox",
    "new2": 1031,
    "diff2": 31,
    "winner": "p2",
    "three_stock": false
  },
  {
    "timestamp": "2025-11-20 06:45",
    "p1": "Nick R",
    "c1": "Luigi",
    "new1": 1030,
    "diff1": 30,
    "p2": "Nick W",
    "c2": "Fox",
    "new2": 1013,
    "diff2": -18,
    "winner": "p1",
    "three_stock": false
  },
  {
    "timestamp": "2025-11-20 06:46",
    "p1": "Nick R",
    "c1": "Hero",
    "new1": 1028,
    "diff1": 28,
    "p2": "Nick W",
    "c2": "Wii Fit Trainer",
    "new2": 1000,
    "diff2": 0,
    "winner": "p1",
    "three_stock": false
  },
  {
    "timestamp": "2025-11-20 06:46",
    "p1": "Nick R",
    "c1": "Hero",
    "new1": 1055,
    "diff1": 27,
    "p2": "Nick W",
    "c2": "Palutena",
    "new2": 1000,
    "diff2": 0,
    "winner": "p1",
    "three_stock": false
  },
  {
    "timestamp": "2025-11-20 06:46",
    "p1": "Nick R",
    "c1": "Hero",
    "new1": 1036,
    "diff1": -19,
    "p2": "Nick W",
    "c2": "Wii Fit Trainer",
    "new2": 1034,
    "diff2": 34,
    "winner": "p2",
    "three_stock": false
  },
  {
    "timestamp": "2025-11-20 06:57",
    "p1": "Will",
    "c1": "Steve",
    "new1": 1027,
    "diff1": 27,
    "p2": "Nat",
    "c2": "Snake",
    "new2": 1000,
    "diff2": 0,
    "winner": "p1",
    "three_stock": false
  },
  {
    "timestamp": "2025-11-20 07:01",
    "p1": "Will",
    "c1": "Corrin",
    "new1": 1000,
    "diff1": 0,
    "p2": "Nat",
    "c2": "Captain Falcon",
    "new2": 1033,
    "diff2": 33,
    "winner": "p2",
    "three_stock": false
  },
  {
    "timestamp": "2025-11-20 07:04",
    "p1": "Will",
    "c1": "Banjo & Kazooie",
    "new1": 1000,
    "diff1": 0,
    "p2": "Nat",
    "c2": "Wolf",
    "new2": 1033,
    "diff2": 33,
    "winner": "p2",
    "three_stock": false
  },
  {
    "timestamp": "2025-11-20 07:47",
    "p1": "Nick R",
    "c1": "Mewtwo",
    "new1": 1029,
    "diff1": 29,
    "p2": "Nat",
    "c2": "Pikachu",
    "new2": 1000,
    "diff2": 0,
    "winner": "p1",
    "three_stock": false
  },
  {
    "timestamp": "2025-11-20 07:50",
    "p1": "Nick R",
    "c1": "Roy",
    "new1": 1000,
    "diff1": 0,
    "p2": "Nat",
    "c2": "Rosalina and Luma",
    "new2": 1032,
    "diff2": 32,
    "winner": "p2",
    "three_stock": false
  },
  {
    "timestamp": "2025-11-20 07:52",
    "p1": "Nick R",
    "c1": "Hero",
    "new1": 1063,
    "diff1": 27,
    "p2": "Nat",
    "c2": "Peach",
    "new2": 1000,
    "diff2": 0,
    "winner": "p1",
    "three_stock": false
  },
  {
    "timestamp": "2025-11-20 07:52",
    "p1": "Nick R",
    "c1": "Cloud",
    "new1": 1000,
    "diff1": 0,
    "p2": "Nat",
    "c2": "Ken",
    "new2": 1032,
    "diff2": 32,
    "winner": "p2",
    "three_stock": false
  },
  {
    "timestamp": "2025-11-20 08:01",
    "p1": "Will",
    "c1": "Ike",
    "new1": 1029,
    "diff1": 29,
    "p2": "Nat",
    "c2": "Olimar",
    "new2": 1000,
    "diff2": 0,
    "winner": "p1",
    "three_stock": false
  },
  {
    "timestamp": "2025-11-20 08:15",
    "p1": "Will",
    "c1": "Robin",
    "new1": 1042,
    "diff1": -19,
    "p2": "Nat",
    "c2": "Terry",
    "new2": 1034,
    "diff2": 34,
    "winner": "p2",
    "three_stock": false
  },
  {
    "timestamp": "2025-11-20 08:24",
    "p1": "Will",
    "c1": "Sheik",
    "new1": 1059,
    "diff1": 30,
    "p2": "Nick R",
    "c2": "Piranha Plant",
    "new2": 1014,
    "diff2": -18,
    "winner": "p1",
    "three_stock": false
  },
  {
    "timestamp": "",
    "p1": "Will",
    "c1": "Robin",
    "new1": 1070,
    "diff1": 28,
    "p2": "Nick R",
    "c2": "Snake",
    "new2": 1000,
    "diff2": 0,
    "winner": "p1",
    "three_stock": false
  },
  {
    "timestamp": "",
    "p1": "Will",
    "c1": "Robin",
    "new1": 1096,
    "diff1": 26,
    "p2": "Nick R",
    "c2": "Snake",
    "new2": 1000,
    "diff2": 0,
    "winner": "p1",
    "three_stock": false
  },
  {
    "timestamp": "",
    "p1": "Will",
    "c1": "Ganondorf",
    "new1": 1060,
    "diff1": 27,
    "p2": "Nick R",
    "c2": "Snake",
    "new2": 1000,
    "diff2": 0,
    "winner": "p1",
    "three_stock": false
  },
  {
    "timestamp": "",
    "p1": "Will",
    "c1": "Ganondorf",
    "new1": 1083,
    "diff1": 23,
    "p2": "Colton",
    "c2": "Toon Link",
    "new2": 1000,
    "diff2": 0,
    "winner": "p1",
    "three_stock": false
  },
  {
    "timestamp": "",
    "p1": "Will",
    "c1": "Wolf",
    "new1": 1025,
    "diff1": 25,
    "p2": "Colton",
    "c2": "Jigglypuff",
    "new2": 1000,
    "diff2": 0,
    "winner": "p1",
    "three_stock": false
  },
  {
    "timestamp": "",
    "p1": "Will",
    "c1": "Incineroar",
    "new1": 1024,
    "diff1": 24,
    "p2": "Colton",
    "c2": "Jigglypuff",
    "new2": 1000,
    "diff2": 0,
    "winner": "p1",
    "three_stock": false
  },
  {
    "timestamp": "",
    "p1": "Nick W",
    "c1": "Wii Fit Trainer",
    "new1": 1015,
    "diff1": -19,
    "p2": "Colton",
    "c2": "Toon Link",
    "new2": 1032,
    "diff2": 32,
    "winner": "p2",
    "three_stock": false
  },
  {
    "timestamp": "",
    "p1": "Colton",
    "c1": "Jigglypuff",
    "new1": 1030,
    "diff1": 30,
    "p2": "Nick W",
    "c2": "Wii Fit Trainer",
    "new2": 1000,
    "diff2": -15,
    "winner": "p1",
    "three_stock": false
  },
  {
    "timestamp": "",
    "p1": "Colton",
    "c1": "Dark Samus",
    "new1": 1029,
    "diff1": 29,
    "p2": "Nick W",
    "c2": "Wii Fit Trainer",
    "new2": 1000,
    "diff2": 0,
    "winner": "p1",
    "three_stock": false
  },
  {
    "timestamp": "",
    "p1": "Mike",
    "c1": "King K. Rool",
    "new1": 1030,
    "diff1": 30,
    "p2": "Nick W",
    "c2": "Wii Fit Trainer",
    "new2": 1000,
    "diff2": 0,
    "winner": "p1",
    "three_stock": false
  },
  {
    "timestamp": "",
    "p1": "Mike",
    "c1": "King K. Rool",
    "new1": 1012,
    "diff1": -18,
    "p2": "Nick W",
    "c2": "Wii Fit Trainer",
    "new2": 1031,
    "diff2": 31,
    "winner": "p2",
    "three_stock": false
  },
  {
    "timestamp": "",
    "p1": "Mike",
    "c1": "King K. Rool",
    "new1": 1043,
    "diff1": 31,
    "p2": "Nick W",
    "c2": "Wii Fit Trainer",
    "new2": 1013,
    "diff2": -18,
    "winner": "p1",
    "three_stock": false
  },
  {
    "timestamp": "",
    "p1": "Mike",
    "c1": "King K. Rool",
    "new1": 1025,
    "diff1": -18,
    "p2": "Nick R",
    "c2": "Min Min",
    "new2": 1029,
    "diff2": 29,
    "winner": "p2",
    "three_stock": false
  },
  {
    "timestamp": "",
    "p1": "Mike",
    "c1": "King K. Rool",
    "new1": 1008,
    "diff1": -17,
    "p2": "Nick R",
    "c2": "Min Min",
    "new2": 1056,
    "diff2": 27,
    "winner": "p2",
    "three_stock": false
  },
  {
    "timestamp": "",
    "p1": "Mike",
    "c1": "King K. Rool",
    "new1": 1000,
    "diff1": -8,
    "p2": "Nick R",
    "c2": "Min Min",
    "new2": 1081,
    "diff2": 25,
    "winner": "p2",
    "three_stock": false
  },
  {
    "timestamp": "",
    "p1": "Will",
    "c1": "Wolf",
    "new1": 1007,
    "diff1": -18,
    "p2": "Nick R",
    "c2": "Min Min",
    "new2": 1111,
    "diff2": 30,
    "winner": "p2",
    "three_stock": false
  },
  {
    "timestamp": "",
    "p1": "Will",
    "c1": "Robin",
    "new1": 1125,
    "diff1": 29,
    "p2": "Nick R",
    "c2": "Min Min",
    "new2": 1093,
    "diff2": -18,
    "winner": "p1",
    "three_stock": false
  },
  {
    "timestamp": "",
    "p1": "Will",
    "c1": "Greninja",
    "new1": 1031,
    "diff1": 31,
    "p2": "Nick R",
    "c2": "Min Min",
    "new2": 1075,
    "diff2": -18,
    "winner": "p1",
    "three_stock": false
  },
  {
    "timestamp": "",
    "p1": "Will",
    "c1": "Ridley",
    "new1": 1026,
    "diff1": 26,
    "p2": "Colton",
    "c2": "Jigglypuff",
    "new2": 1013,
    "diff2": -17,
    "winner": "p1",
    "three_stock": false
  },
  {
    "timestamp": "",
    "p1": "Will",
    "c1": "Captain Falcon",
    "new1": 1025,
    "diff1": 25,
    "p2": "Colton",
    "c2": "Toon Link",
    "new2": 1016,
    "diff2": -16,
    "winner": "p1",
    "three_stock": false
  },
  {
    "timestamp": "",
    "p1": "Will",
    "c1": "Ganondorf",
    "new1": 1062,
    "diff1": -21,
    "p2": "Colton",
    "c2": "Toon Link",
    "new2": 1054,
    "diff2": 38,
    "winner": "p2",
    "three_stock": false
  },
  {
    "timestamp": "",
    "p1": "Nick W",
    "c1": "Wii Fit Trainer",
    "new1": 1000,
    "diff1": -13,
    "p2": "Colton",
    "c2": "Mario",
    "new2": 1029,
    "diff2": 29,
    "winner": "p2",
    "three_stock": false
  },
  {
    "timestamp": "",
    "p1": "Nick W",
    "c1": "Wii Fit Trainer",
    "new1": 1000,
    "diff1": 0,
    "p2": "Colton",
    "c2": "Yoshi",
    "new2": 1028,
    "diff2": 28,
    "winner": "p2",
    "three_stock": false
  },
  {
    "timestamp": "",
    "p1": "Nick W",
    "c1": "Wii Fit Trainer",
    "new1": 1000,
    "diff1": 0,
    "p2": "Colton",
    "c2": "Duck Hunt",
    "new2": 1028,
    "diff2": 28,
    "winner": "p2",
    "three_stock": false
  },
  {
    "timestamp": "",
    "p1": "Nick W",
    "c1": "Wii Fit Trainer",
    "new1": 1000,
    "diff1": 0,
    "p2": "Nick R",
    "c2": "Palutena",
    "new2": 1026,
    "diff2": 26,
    "winner": "p2",
    "three_stock": false
  },
  {
    "timestamp": "",
    "p1": "Nick W",
    "c1": "Wii Fit Trainer",
    "new1": 1000,
    "diff1": 0,
    "p2": "Nick R",
    "c2": "Donkey Kong",
    "new2": 1026,
    "diff2": 26,
    "winner": "p2",
    "three_stock": false
  },
  {
    "timestamp": "",
    "p1": "Nick W",
    "c1": "Wii Fit Trainer",
    "new1": 1000,
    "diff1": 0,
    "p2": "Nick R",
    "c2": "Donkey Kong",
    "new2": 1050,
    "diff2": 24,
    "winner": "p2",
    "three_stock": false
  },
  {
    "timestamp": "",
    "p1": "Nick W",
    "c1": "Wii Fit Trainer",
    "new1": 1000,
    "diff1": 0,
    "p2": "Will",
    "c2": "Bowser",
    "new2": 1023,
    "diff2": 23,
    "winner": "p2",
    "three_stock": false
  },
  {
    "timestamp": "",
    "p1": "Nick W",
    "c1": "Wii Fit Trainer",
    "new1": 1000,
    "diff1": 0,
    "p2": "Will",
    "c2": "Incineroar",
    "new2": 1046,
    "diff2": 22,
    "winner": "p2",
    "three_stock": false
  },
  {
    "timestamp": "",
    "p1": "Nick W",
    "c1": "Wii Fit Trainer",
    "new1": 1000,
    "diff1": 0,
    "p2": "Will",
    "c2": "Inkling",
    "new2": 1023,
    "diff2": 23,
    "winner": "p2",
    "three_stock": false
  },
  {
    "timestamp": "",
    "p1": "Will",
    "c1": "Sheik",
    "new1": 1087,
    "diff1": 28,
    "p2": "Nick R",
    "c2": "Min Min",
    "new2": 1058,
    "diff2": -17,
    "winner": "p1",
    "three_stock": false
  },
  {
    "timestamp": "",
    "p1": "Will",
    "c1": "Ganondorf",
    "new1": 1086,
    "diff1": 24,
    "p2": "Nick R",
    "c2": "Snake",
    "new2": 1000,
    "diff2": 0,
    "winner": "p1",
    "three_stock": false
  },
  {
    "timestamp": "",
    "p1": "Will",
    "c1": "Hero",
    "new1": 1026,
    "diff1": 26,
    "p2": "Nick R",
    "c2": "Snake",
    "new2": 1000,
    "diff2": 0,
    "winner": "p1",
    "three_stock": false
  },
  {
    "timestamp": "",
    "p1": "Colton",
    "c1": "Marth",
    "new1": 1027,
    "diff1": 27,
    "p2": "Nick W",
    "c2": "Wii Fit Trainer",
    "new2": 1000,
    "diff2": 0,
    "winner": "p1",
    "three_stock": false
  },
  {
    "timestamp": "",
    "p1": "Colton",
    "c1": "Jigglypuff",
    "new1": 1040,
    "diff1": 27,
    "p2": "Nick W",
    "c2": "Ike",
    "new2": 1000,
    "diff2": 0,
    "winner": "p1",
    "three_stock": false
  },
  {
    "timestamp": "",
    "p1": "Colton",
    "c1": "Captain Falcon",
    "new1": 1000,
    "diff1": 0,
    "p2": "Nick W",
    "c2": "Wii Fit Trainer",
    "new2": 1033,
    "diff2": 33,
    "winner": "p2",
    "three_stock": false
  },
  {
    "timestamp": "",
    "p1": "Colton",
    "c1": "Toon Link",
    "new1": 1034,
    "diff1": -20,
    "p2": "Mike",
    "c2": "King K. Rool",
    "new2": 1035,
    "diff2": 35,
    "winner": "p2",
    "three_stock": false
  },
  {
    "timestamp": "",
    "p1": "Colton",
    "c1": "Samus",
    "new1": 1000,
    "diff1": 0,
    "p2": "Mike",
    "c2": "King K. Rool",
    "new2": 1067,
    "diff2": 32,
    "winner": "p2",
    "three_stock": false
  },
  {
    "timestamp": "",
    "p1": "Colton",
    "c1": "Duck Hunt",
    "new1": 1010,
    "diff1": -18,
    "p2": "Mike",
    "c2": "King K. Rool",
    "new2": 1098,
    "diff2": 31,
    "winner": "p2",
    "three_stock": false
  },
  {
    "timestamp": "",
    "p1": "Nick R",
    "c1": "Hero",
    "new1": 1088,
    "diff1": 25,
    "p2": "Nick W",
    "c2": "Wii Fit Trainer",
    "new2": 1017,
    "diff2": -16,
    "winner": "p1",
    "three_stock": false
  },
  {
    "timestamp": "",
    "p1": "Nick R",
    "c1": "Cloud",
    "new1": 1026,
    "diff1": 26,
    "p2": "Nick W",
    "c2": "Wii Fit Trainer",
    "new2": 1000,
    "diff2": -17,
    "winner": "p1",
    "three_stock": false
  },
  {
    "timestamp": "",
    "p1": "Nick R",
    "c1": "Ice Climbers",
    "new1": 1024,
    "diff1": 24,
    "p2": "Nick W",
    "c2": "Wii Fit Trainer",
    "new2": 1000,
    "diff2": 0,
    "winner": "p1",
    "three_stock": false
  },
  {
    "timestamp": "",
    "p1": "Nick R",
    "c1": "Min Min",
    "new1": 1081,
    "diff1": 23,
    "p2": "Mike",
    "c2": "Bowser Jr.",
    "new2": 1000,
    "diff2": 0,
    "winner": "p1",
    "three_stock": false
  },
  {
    "timestamp": "",
    "p1": "Nick R",
    "c1": "Min Min",
    "new1": 1107,
    "diff1": 26,
    "p2": "Mike",
    "c2": "King K. Rool",
    "new2": 1081,
    "diff2": -17,
    "winner": "p1",
    "three_stock": false
  },
  {
    "timestamp": "",
    "p1": "Nick R",
    "c1": "Min Min",
    "new1": 1131,
    "diff1": 24,
    "p2": "Mike",
    "c2": "King K. Rool",
    "new2": 1065,
    "diff2": -16,
    "winner": "p1",
    "three_stock": false
  },
  {
    "timestamp": "",
    "p1": "Nick R",
    "c1": "Snake",
    "new1": 1000,
    "diff1": 0,
    "p2": "Nick W",
    "c2": "Wii Fit Trainer",
    "new2": 1037,
    "diff2": 37,
    "winner": "p2",
    "three_stock": false
  },
  {
    "timestamp": "",
    "p1": "Nick R",
    "c1": "Ice Climbers",
    "new1": 1048,
    "diff1": 24,
    "p2": "Nick W",
    "c2": "Wii Fit Trainer",
    "new2": 1021,
    "diff2": -16,
    "winner": "p1",
    "three_stock": false
  },
  {
    "timestamp": "",
    "p1": "Nick R",
    "c1": "King Dedede",
    "new1": 1024,
    "diff1": 24,
    "p2": "Nick W",
    "c2": "Wii Fit Trainer",
    "new2": 1005,
    "diff2": -16,
    "winner": "p1",
    "three_stock": false
  },
  {
    "timestamp": "",
    "p1": "Will",
    "c1": "Robin",
    "new1": 1146,
    "diff1": 21,
    "p2": "Colton",
    "c2": "Toon Link",
    "new2": 1019,
    "diff2": -15,
    "winner": "p1",
    "three_stock": false
  },
  {
    "timestamp": "",
    "p1": "Will",
    "c1": "Robin",
    "new1": 1166,
    "diff1": 20,
    "p2": "Colton",
    "c2": "Jigglypuff",
    "new2": 1025,
    "diff2": -15,
    "winner": "p1",
    "three_stock": false
  },
  {
    "timestamp": "",
    "p1": "Will",
    "c1": "Ganondorf",
    "new1": 1107,
    "diff1": 21,
    "p2": "Colton",
    "c2": "Toon Link",
    "new2": 1004,
    "diff2": -15,
    "winner": "p1",
    "three_stock": false
  },
  {
    "timestamp": "",
    "p1": "Will",
    "c1": "Roy",
    "new1": 1021,
    "diff1": 21,
    "p2": "Nick W",
    "c2": "Wii Fit Trainer",
    "new2": 1000,
    "diff2": -5,
    "winner": "p1",
    "three_stock": false
  },
  {
    "timestamp": "",
    "p1": "Will",
    "c1": "King K. Rool",
    "new1": 1049,
    "diff1": 20,
    "p2": "Nick W",
    "c2": "Wii Fit Trainer",
    "new2": 1000,
    "diff2": 0,
    "winner": "p1",
    "three_stock": false
  },
  {
    "timestamp": "",
    "p1": "Will",
    "c1": "Link",
    "new1": 1020,
    "diff1": 20,
    "p2": "Nick W",
    "c2": "Palutena",
    "new2": 1000,
    "diff2": 0,
    "winner": "p1",
    "three_stock": false
  },
  {
    "timestamp": "",
    "p1": "Nick R",
    "c1": "Piranha Plant",
    "new1": 1036,
    "diff1": 22,
    "p2": "Nick W",
    "c2": "Wii Fit Trainer",
    "new2": 1000,
    "diff2": 0,
    "winner": "p1",
    "three_stock": false
  },
  {
    "timestamp": "",
    "p1": "Nick R",
    "c1": "Sephiroth",
    "new1": 1000,
    "diff1": 0,
    "p2": "Nick W",
    "c2": "Wii Fit Trainer",
    "new2": 1038,
    "diff2": 38,
    "winner": "p2",
    "three_stock": false
  },
  {
    "timestamp": "",
    "p1": "Nick R",
    "c1": "Min Min",
    "new1": 1152,
    "diff1": 21,
    "p2": "Colton",
    "c2": "Yoshi",
    "new2": 1013,
    "diff2": -15,
    "winner": "p1",
    "three_stock": false
  },
  {
    "timestamp": "",
    "p1": "Nick R",
    "c1": "Min Min",
    "new1": 1172,
    "diff1": 20,
    "p2": "Colton",
    "c2": "Yoshi",
    "new2": 1000,
    "diff2": -13,
    "winner": "p1",
    "three_stock": false
  },
  {
    "timestamp": "",
    "p1": "Nick R",
    "c1": "Min Min",
    "new1": 1191,
    "diff1": 19,
    "p2": "Colton",
    "c2": "Marth",
    "new2": 1013,
    "diff2": -14,
    "winner": "p1",
    "three_stock": false
  },
  {
    "timestamp": "",
    "p1": "Will",
    "c1": "Meta Knight",
    "new1": 1055,
    "diff1": 27,
    "p2": "Nick R",
    "c2": "Marth",
    "new2": 1000,
    "diff2": 0,
    "winner": "p1",
    "three_stock": false
  },
  {
    "timestamp": "",
    "p1": "Will",
    "c1": "Meta Knight",
    "new1": 1081,
    "diff1": 26,
    "p2": "Nick R",
    "c2": "Cloud",
    "new2": 1009,
    "diff2": -17,
    "winner": "p1",
    "three_stock": false
  },
  {
    "timestamp": "",
    "p1": "Will",
    "c1": "Ridley",
    "new1": 1052,
    "diff1": 26,
    "p2": "Nick R",
    "c2": "Cloud",
    "new2": 1000,
    "diff2": -9,
    "winner": "p1",
    "three_stock": false
  },
  {
    "timestamp": "",
    "p1": "Will",
    "c1": "Greninja",
    "new1": 1056,
    "diff1": 25,
    "p2": "Nick R",
    "c2": "Snake",
    "new2": 1000,
    "diff2": 0,
    "winner": "p1",
    "three_stock": false
  },
  {
    "timestamp": "",
    "p1": "Will",
    "c1": "Ganondorf",
    "new1": 1125,
    "diff1": 18,
    "p2": "Colton",
    "c2": "Toon Link",
    "new2": 1000,
    "diff2": -4,
    "winner": "p1",
    "three_stock": false
  },
  {
    "timestamp": "",
    "p1": "Will",
    "c1": "Ridley",
    "new1": 1030,
    "diff1": -22,
    "p2": "Colton",
    "c2": "Dark Samus",
    "new2": 1070,
    "diff2": 41,
    "winner": "p2",
    "three_stock": false
  },
  {
    "timestamp": "",
    "p1": "Will",
    "c1": "Wolf",
    "new1": 1028,
    "diff1": 21,
    "p2": "Colton",
    "c2": "Jigglypuff",
    "new2": 1010,
    "diff2": -15,
    "winner": "p1",
    "three_stock": false
  },
  {
    "timestamp": "",
    "p1": "Will",
    "c1": "Captain Falcon",
    "new1": 1044,
    "diff1": 19,
    "p2": "Nick W",
    "c2": "Wii Fit Trainer",
    "new2": 1024,
    "diff2": -14,
    "winner": "p1",
    "three_stock": false
  },
  {
    "timestamp": "",
    "p1": "Will",
    "c1": "Robin",
    "new1": 1182,
    "diff1": 16,
    "p2": "Nick W",
    "c2": "Wii Fit Trainer",
    "new2": 1011,
    "diff2": -13,
    "winner": "p1",
    "three_stock": false
  },
  {
    "timestamp": "",
    "p1": "Will",
    "c1": "Robin",
    "new1": 1198,
    "diff1": 16,
    "p2": "Nick W",
    "c2": "Wii Fit Trainer",
    "new2": 1000,
    "diff2": -11,
    "winner": "p1",
    "three_stock": false
  },
  {
    "timestamp": "",
    "p1": "Nick R",
    "c1": "Mr. Game and Watch",
    "new1": 1022,
    "diff1": 22,
    "p2": "Nick W",
    "c2": "Wii Fit Trainer",
    "new2": 1000,
    "diff2": 0,
    "winner": "p1",
    "three_stock": false
  },
  {
    "timestamp": "",
    "p1": "Nick R",
    "c1": "Banjo & Kazooie",
    "new1": 1000,
    "diff1": 0,
    "p2": "Colton",
    "c2": "Toon Link",
    "new2": 1037,
    "diff2": 37,
    "winner": "p2",
    "three_stock": false
  },
  {
    "timestamp": "",
    "p1": "Nick R",
    "c1": "Min Min",
    "new1": 1170,
    "diff1": -21,
    "p2": "Colton",
    "c2": "Dark Samus",
    "new2": 1110,
    "diff2": 40,
    "winner": "p2",
    "three_stock": false
  },
  {
    "timestamp": "",
    "p1": "Nick R",
    "c1": "Min Min",
    "new1": 1193,
    "diff1": 23,
    "p2": "Colton",
    "c2": "Dark Samus",
    "new2": 1094,
    "diff2": -16,
    "winner": "p1",
    "three_stock": false
  },
  {
    "timestamp": "",
    "p1": "Nick R",
    "c1": "Min Min",
    "new1": 1172,
    "diff1": -21,
    "p2": "Colton",
    "c2": "Dark Samus",
    "new2": 1133,
    "diff2": 39,
    "winner": "p2",
    "three_stock": false
  },
  {
    "timestamp": "",
    "p1": "Nick R",
    "c1": "Min Min",
    "new1": 1151,
    "diff1": -21,
    "p2": "Colton",
    "c2": "Yoshi",
    "new2": 1040,
    "diff2": 40,
    "winner": "p2",
    "three_stock": false
  },
  {
    "timestamp": "",
    "p1": "Nick W",
    "c1": "Wii Fit Trainer",
    "new1": 1000,
    "diff1": 0,
    "p2": "Colton",
    "c2": "Toon Link",
    "new2": 1062,
    "diff2": 25,
    "winner": "p2",
    "three_stock": false
  },
  {
    "timestamp": "",
    "p1": "Nick W",
    "c1": "Wii Fit Trainer",
    "new1": 1000,
    "diff1": 0,
    "p2": "Colton",
    "c2": "Mario",
    "new2": 1054,
    "diff2": 25,
    "winner": "p2",
    "three_stock": false
  },
  {
    "timestamp": "",
    "p1": "Nick W",
    "c1": "Wii Fit Trainer",
    "new1": 1000,
    "diff1": 0,
    "p2": "Colton",
    "c2": "Yoshi",
    "new2": 1064,
    "diff2": 24,
    "winner": "p2",
    "three_stock": false
  },
  {
    "timestamp": "",
    "p1": "Will",
    "c1": "Ganondorf",
    "new1": 1145,
    "diff1": 20,
    "p2": "Colton",
    "c2": "Toon Link",
    "new2": 1047,
    "diff2": -15,
    "winner": "p1",
    "three_stock": false
  },
  {
    "timestamp": "",
    "p1": "Will",
    "c1": "Meta Knight",
    "new1": 1101,
    "diff1": 20,
    "p2": "Colton",
    "c2": "Jigglypuff",
    "new2": 1000,
    "diff2": -10,
    "winner": "p1",
    "three_stock": false
  },
  {
    "timestamp": "",
    "p1": "Will",
    "c1": "King K. Rool",
    "new1": 1070,
    "diff1": 21,
    "p2": "Colton",
    "c2": "Yoshi",
    "new2": 1049,
    "diff2": -15,
    "winner": "p1",
    "three_stock": false
  },
  {
    "timestamp": "",
    "p1": "Will",
    "c1": "Robin",
    "new1": 1217,
    "diff1": 19,
    "p2": "Nick R",
    "c2": "Piranha Plant",
    "new2": 1022,
    "diff2": -14,
    "winner": "p1",
    "three_stock": false
  },
  {
    "timestamp": "",
    "p1": "Will",
    "c1": "Robin",
    "new1": 1232,
    "diff1": 15,
    "p2": "Jeff",
    "c2": "Byleth",
    "new2": 1000,
    "diff2": 0,
    "winner": "p1",
    "three_stock": false
  },
  {
    "timestamp": "",
    "p1": "Will",
    "c1": "Ganondorf",
    "new1": 1160,
    "diff1": 15,
    "p2": "Jeff",
    "c2": "Byleth",
    "new2": 1000,
    "diff2": 0,
    "winner": "p1",
    "three_stock": false
  },
  {
    "timestamp": "",
    "p1": "Will",
    "c1": "Ike",
    "new1": 1046,
    "diff1": 17,
    "p2": "Jeff",
    "c2": "Byleth",
    "new2": 1000,
    "diff2": 0,
    "winner": "p1",
    "three_stock": false
  },
  {
    "timestamp": "",
    "p1": "Will",
    "c1": "Ridley",
    "new1": 1008,
    "diff1": -22,
    "p2": "Jeff",
    "c2": "Byleth",
    "new2": 1043,
    "diff2": 43,
    "winner": "p2",
    "three_stock": false
  },
  {
    "timestamp": "",
    "p1": "Will",
    "c1": "Ridley",
    "new1": 1026,
    "diff1": 18,
    "p2": "Jeff",
    "c2": "Byleth",
    "new2": 1029,
    "diff2": -14,
    "winner": "p1",
    "three_stock": false
  },
  {
    "timestamp": "",
    "p1": "Will",
    "c1": "Sheik",
    "new1": 1103,
    "diff1": 16,
    "p2": "Jeff",
    "c2": "Byleth",
    "new2": 1016,
    "diff2": -13,
    "winner": "p1",
    "three_stock": false
  },
  {
    "timestamp": "",
    "p1": "Will",
    "c1": "Incineroar",
    "new1": 1063,
    "diff1": 17,
    "p2": "Jeff",
    "c2": "Byleth",
    "new2": 1002,
    "diff2": -14,
    "winner": "p1",
    "three_stock": false
  },
  {
    "timestamp": "",
    "p1": "Will",
    "c1": "Sheik",
    "new1": 1082,
    "diff1": -21,
    "p2": "Nick R",
    "c2": "Piranha Plant",
    "new2": 1062,
    "diff2": 40,
    "winner": "p2",
    "three_stock": false
  },
  {
    "timestamp": "",
    "p1": "Will",
    "c1": "Ganondorf",
    "new1": 1180,
    "diff1": 20,
    "p2": "Nick R",
    "c2": "Piranha Plant",
    "new2": 1047,
    "diff2": -15,
    "winner": "p1",
    "three_stock": false
  },
  {
    "timestamp": "",
    "p1": "Will",
    "c1": "Wolf",
    "new1": 1051,
    "diff1": 23,
    "p2": "Nick R",
    "c2": "Piranha Plant",
    "new2": 1031,
    "diff2": -16,
    "winner": "p1",
    "three_stock": false
  },
  {
    "timestamp": "",
    "p1": "Will",
    "c1": "Robin",
    "new1": 1248,
    "diff1": 16,
    "p2": "Colton",
    "c2": "Toon Link",
    "new2": 1034,
    "diff2": -13,
    "winner": "p1",
    "three_stock": false
  },
  {
    "timestamp": "",
    "p1": "Will",
    "c1": "Captain Falcon",
    "new1": 1065,
    "diff1": 21,
    "p2": "Colton",
    "c2": "Dark Samus",
    "new2": 1118,
    "diff2": -15,
    "winner": "p1",
    "three_stock": false
  },
  {
    "timestamp": "",
    "p1": "Will",
    "c1": "Captain Falcon",
    "new1": 1085,
    "diff1": 20,
    "p2": "Colton",
    "c2": "Dark Samus",
    "new2": 1103,
    "diff2": -15,
    "winner": "p1",
    "three_stock": false
  },
  {
    "timestamp": "",
    "p1": "Will",
    "c1": "Wolf",
    "new1": 1069,
    "diff1": 18,
    "p2": "Colton",
    "c2": "Toon Link",
    "new2": 1020,
    "diff2": -14,
    "winner": "p1",
    "three_stock": false
  },
  {
    "timestamp": "",
    "p1": "Will",
    "c1": "Incineroar",
    "new1": 1081,
    "diff1": 18,
    "p2": "Colton",
    "c2": "Yoshi",
    "new2": 1035,
    "diff2": -14,
    "winner": "p1",
    "three_stock": false
  },
  {
    "timestamp": "",
    "p1": "Nick R",
    "c1": "Incineroar",
    "new1": 1026,
    "diff1": 26,
    "p2": "Colton",
    "c2": "Yoshi",
    "new2": 1018,
    "diff2": -17,
    "winner": "p1",
    "three_stock": false
  },
  {
    "timestamp": "",
    "p1": "Nick R",
    "c1": "Snake",
    "new1": 1000,
    "diff1": 0,
    "p2": "Jeff",
    "c2": "Byleth",
    "new2": 1040,
    "diff2": 38,
    "winner": "p2",
    "three_stock": false
  },
  {
    "timestamp": "",
    "p1": "Nick R",
    "c1": "Donkey Kong",
    "new1": 1072,
    "diff1": 22,
    "p2": "Jeff",
    "c2": "Byleth",
    "new2": 1025,
    "diff2": -15,
    "winner": "p1",
    "three_stock": false
  },
  {
    "timestamp": "",
    "p1": "Nick R",
    "c1": "Piranha Plant",
    "new1": 1011,
    "diff1": -20,
    "p2": "Colton",
    "c2": "Toon Link",
    "new2": 1056,
    "diff2": 36,
    "winner": "p2",
    "three_stock": false
  },
  {
    "timestamp": "",
    "p1": "Nick R",
    "c1": "Piranha Plant",
    "new1": 1039,
    "diff1": 28,
    "p2": "Colton",
    "c2": "Dark Samus",
    "new2": 1086,
    "diff2": -17,
    "winner": "p1",
    "three_stock": false
  },
  {
    "timestamp": "",
    "p1": "Nick R",
    "c1": "Piranha Plant",
    "new1": 1019,
    "diff1": -20,
    "p2": "Colton",
    "c2": "Toon Link",
    "new2": 1091,
    "diff2": 35,
    "winner": "p2",
    "three_stock": false
  },
  {
    "timestamp": "",
    "p1": "Nick R",
    "c1": "Piranha Plant",
    "new1": 1040,
    "diff1": 21,
    "p2": "Nick W",
    "c2": "Wii Fit Trainer",
    "new2": 1000,
    "diff2": 0,
    "winner": "p1",
    "three_stock": false
  },
  {
    "timestamp": "2025-11-21 03:50",
    "p1": "Will",
    "c1": "Sheik",
    "new1": 1103,
    "diff1": 21,
    "p2": "Nick R",
    "c2": "Piranha Plant",
    "new2": 1025,
    "diff2": -15,
    "winner": "p1",
    "three_stock": false
  },
  {
    "timestamp": "2025-11-21 06:41",
    "p1": "Will",
    "c1": "Wolf",
    "new1": 1091,
    "diff1": 22,
    "p2": "Nick R",
    "c2": "Hero",
    "new2": 1073,
    "diff2": -15,
    "winner": "p1",
    "three_stock": false
  },
  {
    "timestamp": "2025-11-21 07:32",
    "p1": "Will",
    "c1": "Robin",
    "new1": 1263,
    "diff1": 15,
    "p2": "Colton",
    "c2": "Toon Link",
    "new2": 1078,
    "diff2": -13,
    "winner": "p1",
    "three_stock": false
  },
  {
    "timestamp": "2025-11-21 07:36",
    "p1": "Will",
    "c1": "Robin",
    "new1": 1278,
    "diff1": 15,
    "p2": "Colton",
    "c2": "Toon Link",
    "new2": 1065,
    "diff2": -13,
    "winner": "p1",
    "three_stock": false
  },
  {
    "timestamp": "2025-11-21 07:39",
    "p1": "Will",
    "c1": "Ganondorf",
    "new1": 1196,
    "diff1": 16,
    "p2": "Colton",
    "c2": "Toon Link",
    "new2": 1052,
    "diff2": -13,
    "winner": "p1",
    "three_stock": false
  },
  {
    "timestamp": "2025-11-21 07:45",
    "p1": "Will",
    "c1": "Sheik",
    "new1": 1081,
    "diff1": -22,
    "p2": "Nick R",
    "c2": "Piranha Plant",
    "new2": 1066,
    "diff2": 41,
    "winner": "p2",
    "three_stock": false
  },
  {
    "timestamp": "2025-11-21 07:48",
    "p1": "Will",
    "c1": "King K. Rool",
    "new1": 1090,
    "diff1": 20,
    "p2": "Nick R",
    "c2": "Mr. Game and Watch",
    "new2": 1007,
    "diff2": -15,
    "winner": "p1",
    "three_stock": false
  },
  {
    "timestamp": "2025-11-21 07:51",
    "p1": "Will",
    "c1": "Ridley",
    "new1": 1046,
    "diff1": 20,
    "p2": "Nick R",
    "c2": "Mr. Game and Watch",
    "new2": 1000,
    "diff2": -7,
    "winner": "p1",
    "three_stock": false
  },
  {
    "timestamp": "2025-11-21 07:56",
    "p1": "Will",
    "c1": "Ganondorf",
    "new1": 1211,
    "diff1": 15,
    "p2": "Colton",
    "c2": "Toon Link",
    "new2": 1039,
    "diff2": -13,
    "winner": "p1",
    "three_stock": false
  },
  {
    "timestamp": "2025-11-21 08:17",
    "p1": "Nick R",
    "c1": "Piranha Plant",
    "new1": 1046,
    "diff1": -20,
    "p2": "Colton",
    "c2": "Toon Link",
    "new2": 1076,
    "diff2": 37,
    "winner": "p2",
    "three_stock": false
  },
  {
    "timestamp": "2025-11-21 08:21",
    "p1": "Nick R",
    "c1": "Donkey Kong",
    "new1": 1095,
    "diff1": 23,
    "p2": "Colton",
    "c2": "Marth",
    "new2": 1000,
    "diff2": -13,
    "winner": "p1",
    "three_stock": false
  },
  {
    "timestamp": "2025-11-21 08:25",
    "p1": "Nick R",
    "c1": "Donkey Kong",
    "new1": 1117,
    "diff1": 22,
    "p2": "Colton",
    "c2": "Yoshi",
    "new2": 1003,
    "diff2": -15,
    "winner": "p1",
    "three_stock": false
  },
  {
    "timestamp": "2025-11-22 02:31",
    "p1": "Nick R",
    "c1": "Piranha Plant",
    "new1": 1033,
    "diff1": -13,
    "p2": "Will",
    "c2": "Robin",
    "new2": 1294,
    "diff2": 16,
    "winner": "p2",
    "three_stock": false
  },
  {
    "timestamp": "2025-11-22 02:31",
    "p1": "Nick R",
    "c1": "Piranha Plant",
    "new1": 1019,
    "diff1": -14,
    "p2": "Will",
    "c2": "Sheik",
    "new2": 1100,
    "diff2": 19,
    "winner": "p2",
    "three_stock": false
  },
  {
    "timestamp": "2025-11-22 02:32",
    "p1": "Nick R",
    "c1": "Cloud",
    "new1": 1000,
    "diff1": 0,
    "p2": "Will",
    "c2": "King K. Rool",
    "new2": 1108,
    "diff2": 18,
    "winner": "p2",
    "three_stock": false
  },
  {
    "timestamp": "2025-11-22 07:39",
    "p1": "Will",
    "c1": "Wolf",
    "new1": 1106,
    "diff1": 15,
    "p2": "Colton",
    "c2": "Yoshi",
    "new2": 1000,
    "diff2": -3,
    "winner": "p1",
    "three_stock": false
  },
  {
    "timestamp": "2025-11-22 07:42",
    "p1": "Will",
    "c1": "Lucina",
    "new1": 1018,
    "diff1": 18,
    "p2": "Colton",
    "c2": "Toon Link",
    "new2": 1062,
    "diff2": -14,
    "winner": "p1",
    "three_stock": false
  },
  {
    "timestamp": "2025-11-22 07:44",
    "p1": "Will",
    "c1": "Ganondorf",
    "new1": 1226,
    "diff1": 15,
    "p2": "Colton",
    "c2": "Dark Samus",
    "new2": 1073,
    "diff2": -13,
    "winner": "p1",
    "three_stock": false
  },
  {
    "timestamp": "2025-11-22 07:50",
    "p1": "Nick W",
    "c1": "Wii Fit Trainer",
    "new1": 1000,
    "diff1": 0,
    "p2": "Colton",
    "c2": "Toon Link",
    "new2": 1087,
    "diff2": 25,
    "winner": "p2",
    "three_stock": false
  },
  {
    "timestamp": "2025-11-22 07:55",
    "p1": "Nick W",
    "c1": "Wii Fit Trainer",
    "new1": 1035,
    "diff1": 35,
    "p2": "Colton",
    "c2": "Mario",
    "new2": 1034,
    "diff2": -20,
    "winner": "p1",
    "three_stock": false
  },
  {
    "timestamp": "2025-11-22 07:58",
    "p1": "Nick W",
    "c1": "Wii Fit Trainer",
    "new1": 1017,
    "diff1": -18,
    "p2": "Colton",
    "c2": "Jigglypuff",
    "new2": 1029,
    "diff2": 29,
    "winner": "p2",
    "three_stock": false
  },
  {
    "timestamp": "2025-11-22 08:03",
    "p1": "Nick W",
    "c1": "Wii Fit Trainer",
    "new1": 1055,
    "diff1": 38,
    "p2": "Nick R",
    "c2": "Piranha Plant",
    "new2": 1000,
    "diff2": -19,
    "winner": "p1",
    "three_stock": false
  },
  {
    "timestamp": "2025-11-22 08:07",
    "p1": "Nick W",
    "c1": "Wii Fit Trainer",
    "new1": 1040,
    "diff1": -15,
    "p2": "Nick R",
    "c2": "Donkey Kong",
    "new2": 1138,
    "diff2": 21,
    "winner": "p2",
    "three_stock": false
  },
  {
    "timestamp": "2025-11-22 08:11",
    "p1": "Nick W",
    "c1": "Palutena",
    "new1": 1000,
    "diff1": 0,
    "p2": "Nick R",
    "c2": "Incineroar",
    "new2": 1047,
    "diff2": 21,
    "winner": "p2",
    "three_stock": false
  },
  {
    "timestamp": "2025-11-22 08:26",
    "p1": "Will",
    "c1": "Ganondorf",
    "new1": 1244,
    "diff1": 18,
    "p2": "Nick R",
    "c2": "Min Min",
    "new2": 1137,
    "diff2": -14,
    "winner": "p1",
    "three_stock": false
  },
  {
    "timestamp": "2025-11-22 08:29",
    "p1": "Will",
    "c1": "Lucina",
    "new1": 1037,
    "diff1": 19,
    "p2": "Nick R",
    "c2": "Piranha Plant",
    "new2": 1000,
    "diff2": 0,
    "winner": "p1",
    "three_stock": false
  },
  {
    "timestamp": "2025-11-22 08:33",
    "p1": "Will",
    "c1": "Wolf",
    "new1": 1123,
    "diff1": 17,
    "p2": "Nick R",
    "c2": "Piranha Plant",
    "new2": 1000,
    "diff2": 0,
    "winner": "p1",
    "three_stock": false
  },
  {
    "timestamp": "2025-11-22 08:43",
    "p1": "Will",
    "c1": "Ike",
    "new1": 1061,
    "diff1": 15,
    "p2": "Nick W",
    "c2": "Wii Fit Trainer",
    "new2": 1027,
    "diff2": -13,
    "winner": "p1",
    "three_stock": false
  },
  {
    "timestamp": "2025-11-22 08:47",
    "p1": "Will",
    "c1": "Kazuya",
    "new1": 1015,
    "diff1": 15,
    "p2": "Nick W",
    "c2": "Min Min",
    "new2": 1000,
    "diff2": 0,
    "winner": "p1",
    "three_stock": false
  },
  {
    "timestamp": "2025-11-22 08:49",
    "p1": "Will",
    "c1": "Zelda",
    "new1": 1015,
    "diff1": 15,
    "p2": "Nick W",
    "c2": "Min Min",
    "new2": 1000,
    "diff2": 0,
    "winner": "p1",
    "three_stock": false
  },
  {
    "timestamp": "2025-11-22 08:54",
    "p1": "Will",
    "c1": "Olimar",
    "new1": 1015,
    "diff1": 15,
    "p2": "Nick W",
    "c2": "Wii Fit Trainer",
    "new2": 1014,
    "diff2": -13,
    "winner": "p1",
    "three_stock": false
  },
  {
    "timestamp": "2025-11-22 09:21",
    "p1": "Colton",
    "c1": "Toon Link",
    "new1": 1120,
    "diff1": 33,
    "p2": "Nick R",
    "c2": "Piranha Plant",
    "new2": 1000,
    "diff2": 0,
    "winner": "p1",
    "three_stock": false
  },
  {
    "timestamp": "2025-11-22 09:26",
    "p1": "Colton",
    "c1": "Dark Samus",
    "new1": 1110,
    "diff1": 37,
    "p2": "Nick R",
    "c2": "Min Min",
    "new2": 1117,
    "diff2": -20,
    "winner": "p1",
    "three_stock": false
  },
  {
    "timestamp": "2025-11-22 10:14",
    "p1": "Will",
    "c1": "Ganondorf",
    "new1": 1257,
    "diff1": 13,
    "p2": "Jeff",
    "c2": "Byleth",
    "new2": 1013,
    "diff2": -12,
    "winner": "p1",
    "three_stock": false
  },
  {
    "timestamp": "2025-11-22 10:17",
    "p1": "Will",
    "c1": "Robin",
    "new1": 1307,
    "diff1": 13,
    "p2": "Jeff",
    "c2": "Byleth",
    "new2": 1001,
    "diff2": -12,
    "winner": "p1",
    "three_stock": false
  },
  {
    "timestamp": "2025-11-22 10:21",
    "p1": "Will",
    "c1": "Wolf",
    "new1": 1136,
    "diff1": 13,
    "p2": "Jeff",
    "c2": "Byleth",
    "new2": 1000,
    "diff2": -1,
    "winner": "p1",
    "three_stock": false
  },
  {
    "timestamp": "2025-11-22 10:27",
    "p1": "Colton",
    "c1": "Toon Link",
    "new1": 1142,
    "diff1": 22,
    "p2": "Jeff",
    "c2": "Byleth",
    "new2": 1000,
    "diff2": 0,
    "winner": "p1",
    "three_stock": false
  },
  {
    "timestamp": "2025-11-22 10:30",
    "p1": "Colton",
    "c1": "Yoshi",
    "new1": 1000,
    "diff1": 0,
    "p2": "Jeff",
    "c2": "Byleth",
    "new2": 1035,
    "diff2": 35,
    "winner": "p2",
    "three_stock": false
  },
  {
    "timestamp": "2025-11-22 10:34",
    "p1": "Colton",
    "c1": "Dark Samus",
    "new1": 1133,
    "diff1": 23,
    "p2": "Jeff",
    "c2": "Byleth",
    "new2": 1019,
    "diff2": -16,
    "winner": "p1",
    "three_stock": false
  },
  {
    "timestamp": "2025-11-22 10:37",
    "p1": "Colton",
    "c1": "Jigglypuff",
    "new1": 1054,
    "diff1": 25,
    "p2": "Jeff",
    "c2": "Byleth",
    "new2": 1003,
    "diff2": -16,
    "winner": "p1",
    "three_stock": false
  },
  {
    "timestamp": "2025-11-22 10:40",
    "p1": "Nick R",
    "c1": "Min Min",
    "new1": 1136,
    "diff1": 19,
    "p2": "Jeff",
    "c2": "Byleth",
    "new2": 1000,
    "diff2": -3,
    "winner": "p1",
    "three_stock": false
  },
  {
    "timestamp": "2025-11-22 10:44",
    "p1": "Nick R",
    "c1": "Min Min",
    "new1": 1154,
    "diff1": 18,
    "p2": "Jeff",
    "c2": "Byleth",
    "new2": 1000,
    "diff2": 0,
    "winner": "p1",
    "three_stock": false
  },
  {
    "timestamp": "2025-11-24 06:38",
    "p1": "Will",
    "c1": "Ganondorf",
    "new1": 1271,
    "diff1": 14,
    "p2": "Nick R",
    "c2": "Piranha Plant",
    "new2": 1000,
    "diff2": 0,
    "winner": "p1",
    "three_stock": false
  },
  {
    "timestamp": "2025-11-24 06:40",
    "p1": "Will",
    "c1": "Ganondorf",
    "new1": 1285,
    "diff1": 14,
    "p2": "Nick R",
    "c2": "Ike",
    "new2": 1000,
    "diff2": 0,
    "winner": "p1",
    "three_stock": false
  },
  {
    "timestamp": "2025-11-24 06:44",
    "p1": "Will",
    "c1": "Ridley",
    "new1": 1063,
    "diff1": 17,
    "p2": "Nick R",
    "c2": "Bowser",
    "new2": 1000,
    "diff2": 0,
    "winner": "p1",
    "three_stock": false
  },
  {
    "timestamp": "2025-11-24 06:47",
    "p1": "Will",
    "c1": "Ike",
    "new1": 1078,
    "diff1": 17,
    "p2": "Nick R",
    "c2": "Steve",
    "new2": 1000,
    "diff2": 0,
    "winner": "p1",
    "three_stock": false
  },
  {
    "timestamp": "2025-11-24 06:49",
    "p1": "Will",
    "c1": "Wario",
    "new1": 1017,
    "diff1": 17,
    "p2": "Nick R",
    "c2": "Steve",
    "new2": 1000,
    "diff2": 0,
    "winner": "p1",
    "three_stock": false
  },
  {
    "timestamp": "2025-11-24 06:51",
    "p1": "Will",
    "c1": "Bowser",
    "new1": 1040,
    "diff1": 17,
    "p2": "Nick R",
    "c2": "Steve",
    "new2": 1000,
    "diff2": 0,
    "winner": "p1",
    "three_stock": false
  },
  {
    "timestamp": "2025-11-24 07:24",
    "p1": "Will",
    "c1": "Ganondorf",
    "new1": 1299,
    "diff1": 14,
    "p2": "Nick R",
    "c2": "Piranha Plant",
    "new2": 1000,
    "diff2": 0,
    "winner": "p1",
    "three_stock": false
  },
  {
    "timestamp": "2025-11-24 07:27",
    "p1": "Will",
    "c1": "Robin",
    "new1": 1321,
    "diff1": 14,
    "p2": "Nick R",
    "c2": "Piranha Plant",
    "new2": 1000,
    "diff2": 0,
    "winner": "p1",
    "three_stock": false
  },
  {
    "timestamp": "2025-11-24 07:56",
    "p1": "Will",
    "c1": "Hero",
    "new1": 1040,
    "diff1": 14,
    "p2": "Nick W",
    "c2": "Wii Fit Trainer",
    "new2": 1001,
    "diff2": -13,
    "winner": "p1",
    "three_stock": false
  },
  {
    "timestamp": "2025-11-24 08:00",
    "p1": "Will",
    "c1": "Hero",
    "new1": 1054,
    "diff1": 14,
    "p2": "Nick W",
    "c2": "Wii Fit Trainer",
    "new2": 1000,
    "diff2": -1,
    "winner": "p1",
    "three_stock": false
  },
  {
    "timestamp": "2025-11-24 08:04",
    "p1": "Nick R",
    "c1": "Hero",
    "new1": 1092,
    "diff1": 19,
    "p2": "Nick W",
    "c2": "Wii Fit Trainer",
    "new2": 1000,
    "diff2": 0,
    "winner": "p1",
    "three_stock": false
  },
  {
    "timestamp": "2025-11-24 08:07",
    "p1": "Nick R",
    "c1": "Ganondorf",
    "new1": 1021,
    "diff1": 21,
    "p2": "Nick W",
    "c2": "Wii Fit Trainer",
    "new2": 1000,
    "diff2": 0,
    "winner": "p1",
    "three_stock": false
  },
  {
    "timestamp": "2025-11-24 08:11",
    "p1": "Nick R",
    "c1": "Corrin",
    "new1": 1021,
    "diff1": 21,
    "p2": "Nick W",
    "c2": "Wii Fit Trainer",
    "new2": 1000,
    "diff2": 0,
    "winner": "p1",
    "three_stock": false
  },
  {
    "timestamp": "2025-11-24 08:16",
    "p1": "Nick R",
    "c1": "Samus",
    "new1": 1044,
    "diff1": 44,
    "p2": "Will",
    "c2": "Meta Knight",
    "new2": 1078,
    "diff2": -23,
    "winner": "p1",
    "three_stock": false
  },
  {
    "timestamp": "2025-11-24 08:20",
    "p1": "Nick R",
    "c1": "Cloud",
    "new1": 1000,
    "diff1": 0,
    "p2": "Will",
    "c2": "Wolf",
    "new2": 1152,
    "diff2": 16,
    "winner": "p2",
    "three_stock": false
  },
  {
    "timestamp": "2025-11-24 08:23",
    "p1": "Nick R",
    "c1": "Roy",
    "new1": 1000,
    "diff1": 0,
    "p2": "Will",
    "c2": "Falco",
    "new2": 1018,
    "diff2": 18,
    "winner": "p2",
    "three_stock": false
  },
  {
    "timestamp": "2025-11-24 08:28",
    "p1": "Nick W",
    "c1": "Wii Fit Trainer",
    "new1": 1000,
    "diff1": 0,
    "p2": "Will",
    "c2": "Ganondorf",
    "new2": 1312,
    "diff2": 13,
    "winner": "p2",
    "three_stock": false
  },
  {
    "timestamp": "2025-11-24 08:30",
    "p1": "Nick W",
    "c1": "Wii Fit Trainer",
    "new1": 1000,
    "diff1": 0,
    "p2": "Will",
    "c2": "Ridley",
    "new2": 1076,
    "diff2": 13,
    "winner": "p2",
    "three_stock": false
  },
  {
    "timestamp": "2025-11-24 08:32",
    "p1": "Nick W",
    "c1": "Wii Fit Trainer",
    "new1": 1000,
    "diff1": 0,
    "p2": "Will",
    "c2": "Ridley",
    "new2": 1089,
    "diff2": 13,
    "winner": "p2",
    "three_stock": false
  },
  {
    "timestamp": "2025-11-24 08:35",
    "p1": "Nick R",
    "c1": "Ganondorf",
    "new1": 1008,
    "diff1": -13,
    "p2": "Will",
    "c2": "Ganondorf",
    "new2": 1326,
    "diff2": 14,
    "winner": "p2",
    "three_stock": false
  },
  {
    "timestamp": "2025-11-24 08:42",
    "p1": "Nick R",
    "c1": "Dark Samus",
    "new1": 1000,
    "diff1": 0,
    "p2": "Will",
    "c2": "Robin",
    "new2": 1335,
    "diff2": 14,
    "winner": "p2",
    "three_stock": false
  },
  {
    "timestamp": "2025-11-24 08:52",
    "p1": "Nick R",
    "c1": "Dr. Mario",
    "new1": 1000,
    "diff1": 0,
    "p2": "Will",
    "c2": "Meta Knight",
    "new2": 1094,
    "diff2": 16,
    "winner": "p2",
    "three_stock": false
  },
  {
    "timestamp": "2025-11-24 08:52",
    "p1": "Nick R",
    "c1": "Dr. Mario",
    "new1": 1045,
    "diff1": 45,
    "p2": "Will",
    "c2": "Meta Knight",
    "new2": 1071,
    "diff2": -23,
    "winner": "p1",
    "three_stock": false
  },
  {
    "timestamp": "2025-11-24 08:58",
    "p1": "Nick R",
    "c1": "Mr. Game and Watch",
    "new1": 1000,
    "diff1": 0,
    "p2": "Will",
    "c2": "Sheik",
    "new2": 1116,
    "diff2": 16,
    "winner": "p2",
    "three_stock": false
  },
  {
    "timestamp": "2025-11-24 09:04",
    "p1": "Nick R",
    "c1": "Mr. Game and Watch",
    "new1": 1000,
    "diff1": 0,
    "p2": "Will",
    "c2": "Sheik",
    "new2": 1131,
    "diff2": 15,
    "winner": "p2",
    "three_stock": false
  },
  {
    "timestamp": "2025-11-24 09:09",
    "p1": "Nick R",
    "c1": "Mr. Game and Watch",
    "new1": 1045,
    "diff1": 45,
    "p2": "Will",
    "c2": "Sheik",
    "new2": 1108,
    "diff2": -23,
    "winner": "p1",
    "three_stock": false
  },
  {
    "timestamp": "2025-11-24 09:15",
    "p1": "Nick R",
    "c1": "Mr. Game and Watch",
    "new1": 1032,
    "diff1": -13,
    "p2": "Will",
    "c2": "Sheik",
    "new2": 1124,
    "diff2": 16,
    "winner": "p2",
    "three_stock": false
  },
  {
    "timestamp": "2025-11-24 09:20",
    "p1": "Nick R",
    "c1": "Mr. Game and Watch",
    "new1": 1076,
    "diff1": 44,
    "p2": "Will",
    "c2": "Sheik",
    "new2": 1101,
    "diff2": -23,
    "winner": "p1",
    "three_stock": false
  },
  {
    "timestamp": "2025-11-24 09:25",
    "p1": "Nick R",
    "c1": "Mr. Game and Watch",
    "new1": 1062,
    "diff1": -14,
    "p2": "Will",
    "c2": "Sheik",
    "new2": 1118,
    "diff2": 17,
    "winner": "p2",
    "three_stock": false
  },
  {
    "timestamp": "2025-11-24 09:29",
    "p1": "Nick R",
    "c1": "Mr. Game and Watch",
    "new1": 1048,
    "diff1": -14,
    "p2": "Will",
    "c2": "Sheik",
    "new2": 1135,
    "diff2": 17,
    "winner": "p2",
    "three_stock": false
  },
  {
    "timestamp": "2025-11-24 09:34",
    "p1": "Nick R",
    "c1": "Mr. Game and Watch",
    "new1": 1035,
    "diff1": -13,
    "p2": "Will",
    "c2": "Sheik",
    "new2": 1151,
    "diff2": 16,
    "winner": "p2",
    "three_stock": false
  },
  {
    "timestamp": "2025-11-25 20:38",
    "p1": "Nick R",
    "c1": "Hero",
    "new1": 1109,
    "diff1": 17,
    "p2": "Nick W",
    "c2": "Wii Fit Trainer",
    "new2": 1000,
    "diff2": 0,
    "winner": "p1",
    "three_stock": false
  },
  {
    "timestamp": "2025-11-25 20:38",
    "p1": "Nick R",
    "c1": "Hero",
    "new1": 1087,
    "diff1": -22,
    "p2": "Nick W",
    "c2": "Wii Fit Trainer",
    "new2": 1043,
    "diff2": 43,
    "winner": "p2",
    "three_stock": false
  },
  {
    "timestamp": "2025-11-25 20:38",
    "p1": "Nick R",
    "c1": "Ganondorf",
    "new1": 1029,
    "diff1": 21,
    "p2": "Nick W",
    "c2": "Wii Fit Trainer",
    "new2": 1028,
    "diff2": -15,
    "winner": "p1",
    "three_stock": false
  },
  {
    "timestamp": "2025-11-25 20:39",
    "p1": "Nick R",
    "c1": "Dr. Mario",
    "new1": 1023,
    "diff1": -22,
    "p2": "Nick W",
    "c2": "Wii Fit Trainer",
    "new2": 1069,
    "diff2": 41,
    "winner": "p2",
    "three_stock": false
  },
  {
    "timestamp": "2025-11-25 20:39",
    "p1": "Nick R",
    "c1": "Little Mac",
    "new1": 1000,
    "diff1": 0,
    "p2": "Nick W",
    "c2": "Wii Fit Trainer",
    "new2": 1107,
    "diff2": 38,
    "winner": "p2",
    "three_stock": false
  },
  {
    "timestamp": "2025-11-25 20:39",
    "p1": "Nick R",
    "c1": "Ice Climbers",
    "new1": 1027,
    "diff1": -21,
    "p2": "Nick W",
    "c2": "Wii Fit Trainer",
    "new2": 1145,
    "diff2": 38,
    "winner": "p2",
    "three_stock": false
  },
  {
    "timestamp": "2025-11-25 20:39",
    "p1": "Nick R",
    "c1": "Ike",
    "new1": 1000,
    "diff1": 0,
    "p2": "Nick W",
    "c2": "Wii Fit Trainer",
    "new2": 1179,
    "diff2": 34,
    "winner": "p2",
    "three_stock": false
  },
  {
    "timestamp": "2025-11-25 20:40",
    "p1": "Nick R",
    "c1": "Incineroar",
    "new1": 1073,
    "diff1": 26,
    "p2": "Nick W",
    "c2": "Wii Fit Trainer",
    "new2": 1162,
    "diff2": -17,
    "winner": "p1",
    "three_stock": false
  },
  {
    "timestamp": "2025-11-25 20:40",
    "p1": "Nick R",
    "c1": "Piranha Plant",
    "new1": 1026,
    "diff1": 26,
    "p2": "Nick W",
    "c2": "Wii Fit Trainer",
    "new2": 1145,
    "diff2": -17,
    "winner": "p1",
    "three_stock": false
  },
  {
    "timestamp": "2025-11-25 20:40",
    "p1": "Nick R",
    "c1": "King Dedede",
    "new1": 1004,
    "diff1": -20,
    "p2": "Nick W",
    "c2": "Wii Fit Trainer",
    "new2": 1181,
    "diff2": 36,
    "winner": "p2",
    "three_stock": false
  },
  {
    "timestamp": "2025-11-25 20:40",
    "p1": "Nick R",
    "c1": "Pichu",
    "new1": 1000,
    "diff1": 0,
    "p2": "Nick W",
    "c2": "Wii Fit Trainer",
    "new2": 1214,
    "diff2": 33,
    "winner": "p2",
    "three_stock": false
  },
  {
    "timestamp": "2025-11-25 20:40",
    "p1": "Nick R",
    "c1": "Steve",
    "new1": 1000,
    "diff1": 0,
    "p2": "Nick W",
    "c2": "Wii Fit Trainer",
    "new2": 1245,
    "diff2": 31,
    "winner": "p2",
    "three_stock": false
  },
  {
    "timestamp": "2025-11-25 20:41",
    "p1": "Nick R",
    "c1": "Bowser",
    "new1": 1030,
    "diff1": 30,
    "p2": "Nick W",
    "c2": "Wii Fit Trainer",
    "new2": 1227,
    "diff2": -18,
    "winner": "p1",
    "three_stock": false
  },
  {
    "timestamp": "2025-11-25 20:41",
    "p1": "Nick R",
    "c1": "Byleth",
    "new1": 1029,
    "diff1": 29,
    "p2": "Nick W",
    "c2": "Wii Fit Trainer",
    "new2": 1209,
    "diff2": -18,
    "winner": "p1",
    "three_stock": false
  },
  {
    "timestamp": "2025-11-25 20:41",
    "p1": "Nick R",
    "c1": "Ike",
    "new1": 1028,
    "diff1": 28,
    "p2": "Nick W",
    "c2": "Wii Fit Trainer",
    "new2": 1192,
    "diff2": -17,
    "winner": "p1",
    "three_stock": false
  },
  {
    "timestamp": "2025-11-25 20:41",
    "p1": "Nick R",
    "c1": "Dr. Mario",
    "new1": 1049,
    "diff1": 26,
    "p2": "Nick W",
    "c2": "Wii Fit Trainer",
    "new2": 1175,
    "diff2": -17,
    "winner": "p1",
    "three_stock": false
  },
  {
    "timestamp": "2025-11-25 20:41",
    "p1": "Nick R",
    "c1": "Richter",
    "new1": 1025,
    "diff1": 25,
    "p2": "Nick W",
    "c2": "Wii Fit Trainer",
    "new2": 1159,
    "diff2": -16,
    "winner": "p1",
    "three_stock": false
  },
  {
    "timestamp": "2025-11-27 00:47",
    "p1": "Jeff",
    "c1": "Byleth",
    "new1": 1038,
    "diff1": 38,
    "p2": "Nick W",
    "c2": "Wii Fit Trainer",
    "new2": 1138,
    "diff2": -21,
    "winner": "p1",
    "three_stock": false
  },
  {
    "timestamp": "2025-11-27 00:47",
    "p1": "Jeff",
    "c1": "Byleth",
    "new1": 1022,
    "diff1": -16,
    "p2": "Nick W",
    "c2": "Wii Fit Trainer",
    "new2": 1163,
    "diff2": 25,
    "winner": "p2",
    "three_stock": false
  },
  {
    "timestamp": "2025-11-27 00:48",
    "p1": "Jeff",
    "c1": "Byleth",
    "new1": 1059,
    "diff1": 37,
    "p2": "Nick W",
    "c2": "Wii Fit Trainer",
    "new2": 1143,
    "diff2": -20,
    "winner": "p1",
    "three_stock": false
  },
  {
    "timestamp": "2025-11-27 00:48",
    "p1": "Jeff",
    "c1": "Byleth",
    "new1": 1093,
    "diff1": 34,
    "p2": "Nick W",
    "c2": "Wii Fit Trainer",
    "new2": 1124,
    "diff2": -19,
    "winner": "p1",
    "three_stock": false
  },
  {
    "timestamp": "2025-11-27 00:48",
    "p1": "Jeff",
    "c1": "Byleth",
    "new1": 1076,
    "diff1": -17,
    "p2": "Nick W",
    "c2": "Wii Fit Trainer",
    "new2": 1152,
    "diff2": 28,
    "winner": "p2",
    "three_stock": false
  },
  {
    "timestamp": "2025-11-27 00:48",
    "p1": "Jeff",
    "c1": "Byleth",
    "new1": 1110,
    "diff1": 34,
    "p2": "Nick W",
    "c2": "Wii Fit Trainer",
    "new2": 1133,
    "diff2": -19,
    "winner": "p1",
    "three_stock": false
  },
  {
    "timestamp": "2025-11-27 00:48",
    "p1": "Nick R",
    "c1": "Dark Samus",
    "new1": 1000,
    "diff1": 0,
    "p2": "Nick W",
    "c2": "Wii Fit Trainer",
    "new2": 1170,
    "diff2": 37,
    "winner": "p2",
    "three_stock": false
  },
  {
    "timestamp": "2025-11-27 00:48",
    "p1": "Nick R",
    "c1": "Dr. Mario",
    "new1": 1072,
    "diff1": 23,
    "p2": "Nick W",
    "c2": "Wii Fit Trainer",
    "new2": 1154,
    "diff2": -16,
    "winner": "p1",
    "three_stock": false
  },
  {
    "timestamp": "2025-11-27 00:49",
    "p1": "Nick R",
    "c1": "Richter",
    "new1": 1048,
    "diff1": 23,
    "p2": "Nick W",
    "c2": "Wii Fit Trainer",
    "new2": 1138,
    "diff2": -16,
    "winner": "p1",
    "three_stock": false
  },
  {
    "timestamp": "2025-11-27 00:49",
    "p1": "Nick R",
    "c1": "Donkey Kong",
    "new1": 1156,
    "diff1": 18,
    "p2": "Jeff",
    "c2": "Byleth",
    "new2": 1096,
    "diff2": -14,
    "winner": "p1",
    "three_stock": false
  },
  {
    "timestamp": "2025-11-27 00:49",
    "p1": "Nick R",
    "c1": "Ganondorf",
    "new1": 1007,
    "diff1": -22,
    "p2": "Jeff",
    "c2": "Cloud",
    "new2": 1042,
    "diff2": 42,
    "winner": "p2",
    "three_stock": false
  },
  {
    "timestamp": "2025-11-27 00:50",
    "p1": "Jeff",
    "c1": "Cloud",
    "new1": 1076,
    "diff1": 34,
    "p2": "Nick W",
    "c2": "Wii Fit Trainer",
    "new2": 1119,
    "diff2": -19,
    "winner": "p1",
    "three_stock": false
  },
  {
    "timestamp": "2025-11-27 00:50",
    "p1": "Jeff",
    "c1": "Cloud",
    "new1": 1107,
    "diff1": 31,
    "p2": "Nick W",
    "c2": "Wii Fit Trainer",
    "new2": 1101,
    "diff2": -18,
    "winner": "p1",
    "three_stock": false
  },
  {
    "timestamp": "2025-11-27 00:50",
    "p1": "Jeff",
    "c1": "Cloud",
    "new1": 1135,
    "diff1": 28,
    "p2": "Nick W",
    "c2": "Wii Fit Trainer",
    "new2": 1084,
    "diff2": -17,
    "winner": "p1",
    "three_stock": false
  },
  {
    "timestamp": "2025-11-27 00:50",
    "p1": "Jeff",
    "c1": "Cloud",
    "new1": 1121,
    "diff1": -14,
    "p2": "Nick R",
    "c2": "Donkey Kong",
    "new2": 1175,
    "diff2": 19,
    "winner": "p2",
    "three_stock": false
  },
  {
    "timestamp": "2025-11-27 00:51",
    "p1": "Jeff",
    "c1": "Byleth",
    "new1": 1138,
    "diff1": 42,
    "p2": "Nick R",
    "c2": "Donkey Kong",
    "new2": 1153,
    "diff2": -22,
    "winner": "p1",
    "three_stock": false
  },
  {
    "timestamp": "2025-11-27 00:51",
    "p1": "Jeff",
    "c1": "Byleth",
    "new1": 1178,
    "diff1": 40,
    "p2": "Nick R",
    "c2": "Donkey Kong",
    "new2": 1132,
    "diff2": -21,
    "winner": "p1",
    "three_stock": false
  },
  {
    "timestamp": "2025-11-27 00:51",
    "p1": "Jeff",
    "c1": "Byleth",
    "new1": 1216,
    "diff1": 38,
    "p2": "Nick R",
    "c2": "Donkey Kong",
    "new2": 1111,
    "diff2": -21,
    "winner": "p1",
    "three_stock": false
  },
  {
    "timestamp": "2025-11-27 00:51",
    "p1": "Jeff",
    "c1": "Cloud",
    "new1": 1106,
    "diff1": -15,
    "p2": "Nick R",
    "c2": "Donkey Kong",
    "new2": 1133,
    "diff2": 22,
    "winner": "p2",
    "three_stock": false
  },
  {
    "timestamp": "2025-11-27 07:26",
    "p1": "Will",
    "c1": "Meta Knight",
    "new1": 1088,
    "diff1": 17,
    "p2": "Nick R",
    "c2": "Marth",
    "new2": 1000,
    "diff2": 0,
    "winner": "p1",
    "three_stock": false
  },
  {
    "timestamp": "2025-11-27 07:31",
    "p1": "Will",
    "c1": "Sheik",
    "new1": 1167,
    "diff1": 16,
    "p2": "Nick R",
    "c2": "Marth",
    "new2": 1000,
    "diff2": 0,
    "winner": "p1",
    "three_stock": false
  },
  {
    "timestamp": "2025-11-27 07:34",
    "p1": "Will",
    "c1": "Sheik",
    "new1": 1183,
    "diff1": 16,
    "p2": "Nick R",
    "c2": "Mr. Game and Watch",
    "new2": 1022,
    "diff2": -13,
    "winner": "p1",
    "three_stock": false
  },
  {
    "timestamp": "2025-11-27 07:37",
    "p1": "Will",
    "c1": "Ganondorf",
    "new1": 1340,
    "diff1": 14,
    "p2": "Nick R",
    "c2": "Mr. Game and Watch",
    "new2": 1009,
    "diff2": -13,
    "winner": "p1",
    "three_stock": false
  },
  {
    "timestamp": "2025-11-27 07:44",
    "p1": "Will",
    "c1": "Robin",
    "new1": 1348,
    "diff1": 13,
    "p2": "Nick W",
    "c2": "Wii Fit Trainer",
    "new2": 1072,
    "diff2": -12,
    "winner": "p1",
    "three_stock": false
  },
  {
    "timestamp": "2025-11-27 07:48",
    "p1": "Will",
    "c1": "Robin",
    "new1": 1360,
    "diff1": 12,
    "p2": "Nick W",
    "c2": "Wii Fit Trainer",
    "new2": 1060,
    "diff2": -12,
    "winner": "p1",
    "three_stock": false
  },
  {
    "timestamp": "2025-11-27 07:55",
    "p1": "Nick R",
    "c1": "Donkey Kong",
    "new1": 1150,
    "diff1": 17,
    "p2": "Nick W",
    "c2": "Wii Fit Trainer",
    "new2": 1046,
    "diff2": -14,
    "winner": "p1",
    "three_stock": false
  },
  {
    "timestamp": "2025-11-27 08:00",
    "p1": "Nick R",
    "c1": "Ike",
    "new1": 1006,
    "diff1": -22,
    "p2": "Nick W",
    "c2": "Ridley",
    "new2": 1042,
    "diff2": 42,
    "winner": "p2",
    "three_stock": false
  },
  {
    "timestamp": "2025-11-27 08:02",
    "p1": "Nick R",
    "c1": "Dark Samus",
    "new1": 1000,
    "diff1": 0,
    "p2": "Nick W",
    "c2": "Wii Fit Trainer",
    "new2": 1086,
    "diff2": 40,
    "winner": "p2",
    "three_stock": false
  },
  {
    "timestamp": "2025-11-27 08:04",
    "p1": "Will",
    "c1": "Ganondorf",
    "new1": 1354,
    "diff1": 14,
    "p2": "Nick R",
    "c2": "Captain Falcon",
    "new2": 1000,
    "diff2": 0,
    "winner": "p1",
    "three_stock": false
  },
  {
    "timestamp": "2025-11-27 08:10",
    "p1": "Will",
    "c1": "Sheik",
    "new1": 1160,
    "diff1": -23,
    "p2": "Nick R",
    "c2": "Cloud",
    "new2": 1045,
    "diff2": 45,
    "winner": "p2",
    "three_stock": false
  },
  {
    "timestamp": "2025-11-27 08:13",
    "p1": "Will",
    "c1": "King K. Rool",
    "new1": 1124,
    "diff1": 16,
    "p2": "Nick R",
    "c2": "Terry",
    "new2": 1000,
    "diff2": 0,
    "winner": "p1",
    "three_stock": false
  },
  {
    "timestamp": "2025-11-27 08:18",
    "p1": "Will",
    "c1": "Robin",
    "new1": 1373,
    "diff1": 13,
    "p2": "Nick W",
    "c2": "Wii Fit Trainer",
    "new2": 1074,
    "diff2": -12,
    "winner": "p1",
    "three_stock": false
  },
  {
    "timestamp": "2025-11-27 08:21",
    "p1": "Will",
    "c1": "Wolf",
    "new1": 1165,
    "diff1": 13,
    "p2": "Nick W",
    "c2": "Wii Fit Trainer",
    "new2": 1062,
    "diff2": -12,
    "winner": "p1",
    "three_stock": false
  },
  {
    "timestamp": "2025-11-27 08:29",
    "p1": "Nick R",
    "c1": "Bowser",
    "new1": 1049,
    "diff1": 19,
    "p2": "Nick W",
    "c2": "Wii Fit Trainer",
    "new2": 1048,
    "diff2": -14,
    "winner": "p1",
    "three_stock": false
  },
  {
    "timestamp": "2025-11-27 08:33",
    "p1": "Nick R",
    "c1": "King Dedede",
    "new1": 1000,
    "diff1": -4,
    "p2": "Nick W",
    "c2": "Wii Fit Trainer",
    "new2": 1089,
    "diff2": 41,
    "winner": "p2",
    "three_stock": false
  },
  {
    "timestamp": "2025-11-27 08:37",
    "p1": "Nick R",
    "c1": "Palutena",
    "new1": 1005,
    "diff1": -21,
    "p2": "Nick W",
    "c2": "Wii Fit Trainer",
    "new2": 1129,
    "diff2": 40,
    "winner": "p2",
    "three_stock": false
  },
  {
    "timestamp": "2025-11-27 08:39",
    "p1": "Will",
    "c1": "Ganondorf",
    "new1": 1368,
    "diff1": 14,
    "p2": "Nick R",
    "c2": "Corrin",
    "new2": 1008,
    "diff2": -13,
    "winner": "p1",
    "three_stock": false
  },
  {
    "timestamp": "2025-11-27 08:42",
    "p1": "Will",
    "c1": "Dr. Mario",
    "new1": 1019,
    "diff1": 19,
    "p2": "Nick R",
    "c2": "Dr. Mario",
    "new2": 1058,
    "diff2": -14,
    "winner": "p1",
    "three_stock": false
  },
  {
    "timestamp": "2025-11-27 08:46",
    "p1": "Will",
    "c1": "Meta Knight",
    "new1": 1104,
    "diff1": 16,
    "p2": "Nick R",
    "c2": "Young Link",
    "new2": 1000,
    "diff2": 0,
    "winner": "p1",
    "three_stock": false
  },
  {
    "timestamp": "2025-11-27 10:10",
    "p1": "Will",
    "c1": "Sheik",
    "new1": 1137,
    "diff1": -23,
    "p2": "Nick R",
    "c2": "Mr. Game and Watch",
    "new2": 1054,
    "diff2": 45,
    "winner": "p2",
    "three_stock": false
  },
  {
    "timestamp": "2025-11-27 10:15",
    "p1": "Will",
    "c1": "Sheik",
    "new1": 1153,
    "diff1": 16,
    "p2": "Nick R",
    "c2": "Cloud",
    "new2": 1032,
    "diff2": -13,
    "winner": "p1",
    "three_stock": false
  },
  {
    "timestamp": "2025-11-27 10:18",
    "p1": "Will",
    "c1": "Ganondorf",
    "new1": 1381,
    "diff1": 13,
    "p2": "Nick R",
    "c2": "Ganondorf",
    "new2": 1000,
    "diff2": -7,
    "winner": "p1",
    "three_stock": false
  },
  {
    "timestamp": "2025-11-27 10:20",
    "p1": "Will",
    "c1": "Ganondorf",
    "new1": 1394,
    "diff1": 13,
    "p2": "Nick R",
    "c2": "Ganondorf",
    "new2": 1000,
    "diff2": 0,
    "winner": "p1",
    "three_stock": false
  },
  {
    "timestamp": "2025-11-27 10:23",
    "p1": "Will",
    "c1": "Ganondorf",
    "new1": 1407,
    "diff1": 13,
    "p2": "Nick R",
    "c2": "Ganondorf",
    "new2": 1000,
    "diff2": 0,
    "winner": "p1",
    "three_stock": false
  },
  {
    "timestamp": "2025-11-27 10:26",
    "p1": "Will",
    "c1": "Robin",
    "new1": 1386,
    "diff1": 13,
    "p2": "Nick R",
    "c2": "Ganondorf",
    "new2": 1000,
    "diff2": 0,
    "winner": "p1",
    "three_stock": false
  },
  {
    "timestamp": "2025-11-27 10:29",
    "p1": "Will",
    "c1": "Marth",
    "new1": 1017,
    "diff1": 17,
    "p2": "Nick R",
    "c2": "Ganondorf",
    "new2": 1000,
    "diff2": 0,
    "winner": "p1",
    "three_stock": false
  },
  {
    "timestamp": "2025-11-27 10:32",
    "p1": "Will",
    "c1": "Ridley",
    "new1": 1066,
    "diff1": -23,
    "p2": "Nick R",
    "c2": "Ganondorf",
    "new2": 1045,
    "diff2": 45,
    "winner": "p2",
    "three_stock": false
  },
  {
    "timestamp": "2025-11-27 10:36",
    "p1": "Will",
    "c1": "Wolf",
    "new1": 1180,
    "diff1": 15,
    "p2": "Nick R",
    "c2": "Dark Samus",
    "new2": 1000,
    "diff2": 0,
    "winner": "p1",
    "three_stock": false
  },
  {
    "timestamp": "2025-11-27 10:40",
    "p1": "Will",
    "c1": "King K. Rool",
    "new1": 1139,
    "diff1": 15,
    "p2": "Nick R",
    "c2": "Dark Samus",
    "new2": 1000,
    "diff2": 0,
    "winner": "p1",
    "three_stock": false
  },
  {
    "timestamp": "2025-11-27 10:46",
    "p1": "Will",
    "c1": "Roy",
    "new1": 1038,
    "diff1": 17,
    "p2": "Nick R",
    "c2": "Fox",
    "new2": 1000,
    "diff2": 0,
    "winner": "p1",
    "three_stock": false
  },
  {
    "timestamp": "2025-11-27 10:48",
    "p1": "Will",
    "c1": "Roy",
    "new1": 1054,
    "diff1": 16,
    "p2": "Nick R",
    "c2": "Captain Falcon",
    "new2": 1000,
    "diff2": 0,
    "winner": "p1",
    "three_stock": false
  },
  {
    "timestamp": "2025-11-27 10:53",
    "p1": "Will",
    "c1": "Roy",
    "new1": 1070,
    "diff1": 16,
    "p2": "Nick R",
    "c2": "Captain Falcon",
    "new2": 1000,
    "diff2": 0,
    "winner": "p1",
    "three_stock": false
  },
  {
    "timestamp": "2025-11-27 10:53",
    "p1": "Will",
    "c1": "Roy",
    "new1": 1086,
    "diff1": 16,
    "p2": "Nick R",
    "c2": "Roy",
    "new2": 1000,
    "diff2": 0,
    "winner": "p1",
    "three_stock": false
  },
  {
    "timestamp": "2025-11-27 10:56",
    "p1": "Will",
    "c1": "Roy",
    "new1": 1063,
    "diff1": -23,
    "p2": "Nick R",
    "c2": "Roy",
    "new2": 1045,
    "diff2": 45,
    "winner": "p2",
    "three_stock": false
  },
  {
    "timestamp": "2025-11-27 10:59",
    "p1": "Will",
    "c1": "Captain Falcon",
    "new1": 1101,
    "diff1": 16,
    "p2": "Nick R",
    "c2": "R.O.B",
    "new2": 1000,
    "diff2": 0,
    "winner": "p1",
    "three_stock": false
  },
  {
    "timestamp": "2025-11-27 11:03",
    "p1": "Will",
    "c1": "Meta Knight",
    "new1": 1119,
    "diff1": 15,
    "p2": "Nick R",
    "c2": "R.O.B",
    "new2": 1000,
    "diff2": 0,
    "winner": "p1",
    "three_stock": false
  },
  {
    "timestamp": "2025-11-27 11:07",
    "p1": "Will",
    "c1": "Meta Knight",
    "new1": 1134,
    "diff1": 15,
    "p2": "Nick R",
    "c2": "R.O.B",
    "new2": 1000,
    "diff2": 0,
    "winner": "p1",
    "three_stock": false
  },
  {
    "timestamp": "2025-11-27 11:13",
    "p1": "Will",
    "c1": "Bowser",
    "new1": 1057,
    "diff1": 17,
    "p2": "Nick R",
    "c2": "Samus",
    "new2": 1030,
    "diff2": -14,
    "winner": "p1",
    "three_stock": false
  },
  {
    "timestamp": "2025-11-27 11:25",
    "p1": "Will",
    "c1": "Piranha Plant",
    "new1": 1016,
    "diff1": 16,
    "p2": "Nick R",
    "c2": "Sheik",
    "new2": 1000,
    "diff2": 0,
    "winner": "p1",
    "three_stock": false
  }
]
